name,category_address,phone,website,email,linkedin
Fix & Flow Plumbing Co.,"1433 Mayson St NE, Atlanta, GA 30324, United States",fixandflow.co,https://www.fixandflow.co/?utm_campaign=gmb&utm_medium=organic&utm_source=gmb,mike@fixandflow.co,https://www.linkedin.com/company/fixandflow/
Atlantis Plumbing,"691 John Wesley Dobbs Ave NE UNIT W, Atlanta, GA 30312, United States",atlantisplumbing.com,https://www.atlantisplumbing.com/?utm_source=local&utm_medium=organic&utm_campaign=gmb,,
Morningside Plumbing,morningsideplumbing.com,morningsideplumbing.com,https://morningsideplumbing.com/,,
Roto-Rooter Plumbing & Water Cleanup,"1465 Northside Dr NW #221, Atlanta, GA 30318, United States",rotorooter.com,https://www.rotorooter.com/atlanta/?utm_source=Google&utm_medium=organic&utm_campaign=gmb&utm_content=website,,https://www.linkedin.com/company/roto-rooter
Mr. Rooter Plumbing,mrrooteratl.com,mrrooteratl.com,https://www.mrrooteratl.com/,,
Atlanta Plumbing & Drain,"3500 Lenox Rd NE Suite 1500, Atlanta, GA 30326, United States",atlplumbingcompany.com,https://www.atlplumbingcompany.com/,,
Peach Plumbing & Drain,"1876 Defoor Ave NW STE 7, Atlanta, GA 30318, United States",peachplumbingatlanta.com,https://peachplumbingatlanta.com/?utm_source=google&utm_medium=gbp-atl&se_campaign=GBP%20-%20Peach%20Atlanta,chosen-sprite@2x.png,
Zippy Plumber,"2102 Fisher Trail NE, Atlanta, GA 30345, United States",zippyplumber.com,https://www.zippyplumber.com/?utm_source=GMB&utm_medium=organic&utm_campaign=Atlanta,,
Plumbing Express,"3050 Presidential Dr #202, Atlanta, GA 30340, United States",plumbingexpress.com,https://plumbingexpress.com/?utm_campaign=gmb,,
Rodeo Plumbing of Atlanta,rodeo-plumbing.com,+1 404-470-0443,https://rodeo-plumbing.com/atlanta/,%20office@rodeo-plumbing.com,
Pipedreamz Plumbing,"1730 Cherry Valley Cir SE, Atlanta, GA 30316, United States",Open 24 hours,http://www.pipedreamzplumb.net/,605a7baede844d278b89dc95ae0a9123@sentry-next.wixpress.com,http://linkedin.com/in/shawn-lindsay-455a3725
